<?xml version="1.0" encoding="UTF-8"?>
<project xmlns="http://www.netbeans.org/ns/project/1">
    <type>org.netbeans.modules.apisupport.project</type>
    <configuration>
        <data xmlns="http://www.netbeans.org/ns/nb-module-project/3">
            <code-name-base>org.gephi.utils.collection</code-name-base>
            <suite-component/>
            <module-dependencies/>
            <public-packages>
                <package>com.google.common.annotations</package>
                <package>com.google.common.base</package>
                <package>com.google.common.base.internal</package>
                <package>com.google.common.collect</package>
                <package>gnu.trove</package>
                <package>gnu.trove.decorator</package>
                <package>org.gephi.utils.collection.avl</package>
            </public-packages>
            <class-path-extension>
                <runtime-relative-path>ext/google-collect-1.0.jar</runtime-relative-path>
                <binary-origin>release/modules/ext/google-collect-1.0.jar</binary-origin>
            </class-path-extension>
            <class-path-extension>
                <runtime-relative-path>ext/trove-2.1.0.jar</runtime-relative-path>
                <binary-origin>release/modules/ext/trove-2.1.0.jar</binary-origin>
            </class-path-extension>
        </data>
    </configuration>
</project>
