<?xml version="1.0" encoding="UTF-8"?>
<project xmlns="http://www.netbeans.org/ns/project/1">
    <type>org.netbeans.modules.apisupport.project</type>
    <configuration>
        <data xmlns="http://www.netbeans.org/ns/nb-module-project/3">
            <code-name-base>org.gephi.lib.commons.codec</code-name-base>
            <suite-component/>
            <module-dependencies/>
            <public-packages>
                <package>org.apache.commons.codec</package>
                <package>org.apache.commons.codec.binary</package>
                <package>org.apache.commons.codec.digest</package>
                <package>org.apache.commons.codec.language</package>
                <package>org.apache.commons.codec.net</package>
            </public-packages>
            <class-path-extension>
                <runtime-relative-path>ext/commons-codec-1.4.jar</runtime-relative-path>
                <binary-origin>release/modules/ext/commons-codec-1.4.jar</binary-origin>
            </class-path-extension>
        </data>
    </configuration>
</project>
