<?xml version="1.0" encoding="UTF-8"?>
<project xmlns="http://www.netbeans.org/ns/project/1">
    <type>org.netbeans.modules.apisupport.project</type>
    <configuration>
        <data xmlns="http://www.netbeans.org/ns/nb-module-project/3">
            <code-name-base>org.gephi.io.database.drivers</code-name-base>
            <suite-component/>
            <module-dependencies>
                <dependency>
                    <code-name-base>org.openide.util.lookup</code-name-base>
                    <build-prerequisite/>
                    <compile-dependency/>
                    <run-dependency>
                        <specification-version>8.8.1</specification-version>
                    </run-dependency>
                </dependency>
            </module-dependencies>
            <public-packages>
                <package>org.gephi.io.database.drivers</package>
            </public-packages>
            <class-path-extension>
                <runtime-relative-path>ext/mysql-connector-java-5.1.18-bin.jar</runtime-relative-path>
                <binary-origin>release/modules/ext/mysql-connector-java-5.1.18-bin.jar</binary-origin>
            </class-path-extension>
            <class-path-extension>
                <runtime-relative-path>ext/teradata-jdbc4-14.00.00.04.jar</runtime-relative-path>
                <binary-origin>release/modules/ext/teradata-jdbc4-14.00.00.04.jar</binary-origin>
            </class-path-extension>
            <class-path-extension>
                <runtime-relative-path>ext/postgresql-9.1-901.jdbc4.jar</runtime-relative-path>
                <binary-origin>release/modules/ext/postgresql-9.1-901.jdbc4.jar</binary-origin>
            </class-path-extension>
            <class-path-extension>
                <runtime-relative-path>ext/sqljdbc4-3.0.1301.101.jar</runtime-relative-path>
                <binary-origin>release/modules/ext/sqljdbc4-3.0.1301.101.jar</binary-origin>
            </class-path-extension>
            <class-path-extension>
                <runtime-relative-path>ext/teradata-config-14.00.00.04.jar</runtime-relative-path>
                <binary-origin>release/modules/ext/teradata-config-14.00.00.04.jar</binary-origin>
            </class-path-extension>
            <class-path-extension>
                <runtime-relative-path>ext/sqlite-jdbc-3.7.2.jar</runtime-relative-path>
                <binary-origin>release/modules/ext/sqlite-jdbc-3.7.2.jar</binary-origin>
            </class-path-extension>
        </data>
    </configuration>
</project>
