<?xml version="1.0" encoding="UTF-8"?>
<project xmlns="http://www.netbeans.org/ns/project/1">
    <type>org.netbeans.modules.apisupport.project</type>
    <configuration>
        <data xmlns="http://www.netbeans.org/ns/nb-module-project/3">
            <code-name-base>org.gephi.lib.beansbinding</code-name-base>
            <suite-component/>
            <module-dependencies/>
            <public-packages>
                <package>org.jdesktop.beansbinding</package>
                <package>org.jdesktop.beansbinding.ext</package>
                <package>org.jdesktop.el</package>
                <package>org.jdesktop.el.impl</package>
                <package>org.jdesktop.el.impl.lang</package>
                <package>org.jdesktop.el.impl.parser</package>
                <package>org.jdesktop.el.impl.util</package>
                <package>org.jdesktop.observablecollections</package>
                <package>org.jdesktop.swingbinding</package>
                <package>org.jdesktop.swingbinding.adapters</package>
                <package>org.jdesktop.swingbinding.impl</package>
            </public-packages>
            <class-path-extension>
                <runtime-relative-path>ext/beansbinding-1.2.1.jar</runtime-relative-path>
                <binary-origin>release/modules/ext/beansbinding-1.2.1.jar</binary-origin>
            </class-path-extension>
        </data>
    </configuration>
</project>
