<?xml version="1.0" encoding="UTF-8"?>
<project xmlns="http://www.netbeans.org/ns/project/1">
    <type>org.netbeans.modules.apisupport.project</type>
    <configuration>
        <data xmlns="http://www.netbeans.org/ns/nb-module-project/3">
            <code-name-base>org.gephi.lib.batik</code-name-base>
            <suite-component/>
            <module-dependencies/>
            <public-packages>
                <package>org.apache.avalon.framework</package>
                <package>org.apache.avalon.framework.activity</package>
                <package>org.apache.avalon.framework.configuration</package>
                <package>org.apache.avalon.framework.container</package>
                <package>org.apache.batik</package>
                <package>org.apache.batik.anim</package>
                <package>org.apache.batik.anim.timing</package>
                <package>org.apache.batik.anim.values</package>
                <package>org.apache.batik.bridge</package>
                <package>org.apache.batik.bridge.svg12</package>
                <package>org.apache.batik.css.dom</package>
                <package>org.apache.batik.css.engine</package>
                <package>org.apache.batik.css.engine.sac</package>
                <package>org.apache.batik.css.engine.value</package>
                <package>org.apache.batik.css.engine.value.css2</package>
                <package>org.apache.batik.css.engine.value.svg</package>
                <package>org.apache.batik.css.engine.value.svg12</package>
                <package>org.apache.batik.css.parser</package>
                <package>org.apache.batik.dom</package>
                <package>org.apache.batik.dom.anim</package>
                <package>org.apache.batik.dom.events</package>
                <package>org.apache.batik.dom.svg</package>
                <package>org.apache.batik.dom.svg12</package>
                <package>org.apache.batik.dom.traversal</package>
                <package>org.apache.batik.dom.util</package>
                <package>org.apache.batik.dom.xbl</package>
                <package>org.apache.batik.ext.awt</package>
                <package>org.apache.batik.ext.awt.color</package>
                <package>org.apache.batik.ext.awt.font</package>
                <package>org.apache.batik.ext.awt.g2d</package>
                <package>org.apache.batik.ext.awt.geom</package>
                <package>org.apache.batik.ext.awt.image</package>
                <package>org.apache.batik.ext.awt.image.renderable</package>
                <package>org.apache.batik.ext.awt.image.rendered</package>
                <package>org.apache.batik.ext.awt.image.spi</package>
                <package>org.apache.batik.ext.swing</package>
                <package>org.apache.batik.gvt</package>
                <package>org.apache.batik.gvt.event</package>
                <package>org.apache.batik.gvt.filter</package>
                <package>org.apache.batik.gvt.flow</package>
                <package>org.apache.batik.gvt.font</package>
                <package>org.apache.batik.gvt.renderer</package>
                <package>org.apache.batik.gvt.svg12</package>
                <package>org.apache.batik.gvt.text</package>
                <package>org.apache.batik.i18n</package>
                <package>org.apache.batik.parser</package>
                <package>org.apache.batik.script</package>
                <package>org.apache.batik.script.rhino</package>
                <package>org.apache.batik.script.rhino.svg12</package>
                <package>org.apache.batik.transcoder</package>
                <package>org.apache.batik.transcoder.image</package>
                <package>org.apache.batik.transcoder.image.resources</package>
                <package>org.apache.batik.transcoder.keys</package>
                <package>org.apache.batik.transcoder.print</package>
                <package>org.apache.batik.transcoder.svg2svg</package>
                <package>org.apache.batik.transcoder.wmf</package>
                <package>org.apache.batik.transcoder.wmf.tosvg</package>
                <package>org.apache.batik.util</package>
                <package>org.apache.batik.util.io</package>
                <package>org.apache.batik.util.resources</package>
                <package>org.apache.batik.xml</package>
                <package>org.apache.commons.io</package>
                <package>org.apache.commons.io.output</package>
                <package>org.apache.commons.logging</package>
                <package>org.apache.commons.logging.impl</package>
                <package>org.apache.fop</package>
                <package>org.apache.fop.apps</package>
                <package>org.apache.fop.fo</package>
                <package>org.apache.fop.fonts</package>
                <package>org.apache.fop.fonts.apps</package>
                <package>org.apache.fop.fonts.autodetect</package>
                <package>org.apache.fop.fonts.base14</package>
                <package>org.apache.fop.fonts.truetype</package>
                <package>org.apache.fop.fonts.type1</package>
                <package>org.apache.fop.image</package>
                <package>org.apache.fop.image.analyser</package>
                <package>org.apache.fop.pdf</package>
                <package>org.apache.fop.render.pdf</package>
                <package>org.apache.fop.render.ps</package>
                <package>org.apache.fop.render.ps.extensions</package>
                <package>org.apache.fop.svg</package>
                <package>org.apache.fop.util</package>
                <package>org.apache.xmlgraphics.fonts</package>
                <package>org.apache.xmlgraphics.java2d</package>
                <package>org.apache.xmlgraphics.java2d.ps</package>
                <package>org.apache.xmlgraphics.ps</package>
                <package>org.apache.xmlgraphics.ps.dsc</package>
                <package>org.apache.xmlgraphics.ps.dsc.events</package>
                <package>org.apache.xmlgraphics.ps.dsc.tools</package>
                <package>org.apache.xmlgraphics.util.io</package>
                <package>org.w3c.css.sac</package>
                <package>org.w3c.css.sac.helpers</package>
                <package>org.w3c.dom</package>
                <package>org.w3c.dom.events</package>
                <package>org.w3c.dom.smil</package>
                <package>org.w3c.dom.svg</package>
            </public-packages>
            <class-path-extension>
                <runtime-relative-path>ext/batik-transcoder.jar</runtime-relative-path>
                <binary-origin>release/modules/ext/batik-transcoder.jar</binary-origin>
            </class-path-extension>
            <class-path-extension>
                <runtime-relative-path>ext/batik-css.jar</runtime-relative-path>
                <binary-origin>release/modules/ext/batik-css.jar</binary-origin>
            </class-path-extension>
            <class-path-extension>
                <runtime-relative-path>ext/batik-util.jar</runtime-relative-path>
                <binary-origin>release/modules/ext/batik-util.jar</binary-origin>
            </class-path-extension>
            <class-path-extension>
                <runtime-relative-path>ext/xml-apis-ext.jar</runtime-relative-path>
                <binary-origin>release/modules/ext/xml-apis-ext.jar</binary-origin>
            </class-path-extension>
            <class-path-extension>
                <runtime-relative-path>ext/batik-dom.jar</runtime-relative-path>
                <binary-origin>release/modules/ext/batik-dom.jar</binary-origin>
            </class-path-extension>
            <class-path-extension>
                <runtime-relative-path>ext/batik-gvt.jar</runtime-relative-path>
                <binary-origin>release/modules/ext/batik-gvt.jar</binary-origin>
            </class-path-extension>
            <class-path-extension>
                <runtime-relative-path>ext/batik-script.jar</runtime-relative-path>
                <binary-origin>release/modules/ext/batik-script.jar</binary-origin>
            </class-path-extension>
            <class-path-extension>
                <runtime-relative-path>ext/batik-ext.jar</runtime-relative-path>
                <binary-origin>release/modules/ext/batik-ext.jar</binary-origin>
            </class-path-extension>
            <class-path-extension>
                <runtime-relative-path>ext/batik-parser.jar</runtime-relative-path>
                <binary-origin>release/modules/ext/batik-parser.jar</binary-origin>
            </class-path-extension>
            <class-path-extension>
                <runtime-relative-path>ext/batik-awt-util.jar</runtime-relative-path>
                <binary-origin>release/modules/ext/batik-awt-util.jar</binary-origin>
            </class-path-extension>
            <class-path-extension>
                <runtime-relative-path>ext/batik-svg-dom.jar</runtime-relative-path>
                <binary-origin>release/modules/ext/batik-svg-dom.jar</binary-origin>
            </class-path-extension>
            <class-path-extension>
                <runtime-relative-path>ext/batik-xml.jar</runtime-relative-path>
                <binary-origin>release/modules/ext/batik-xml.jar</binary-origin>
            </class-path-extension>
            <class-path-extension>
                <runtime-relative-path>ext/batik-anim.jar</runtime-relative-path>
                <binary-origin>release/modules/ext/batik-anim.jar</binary-origin>
            </class-path-extension>
            <class-path-extension>
                <runtime-relative-path>ext/batik-bridge.jar</runtime-relative-path>
                <binary-origin>release/modules/ext/batik-bridge.jar</binary-origin>
            </class-path-extension>
            <class-path-extension>
                <runtime-relative-path>ext/pdf-transcoder.jar</runtime-relative-path>
                <binary-origin>release/modules/ext/pdf-transcoder.jar</binary-origin>
            </class-path-extension>
        </data>
    </configuration>
</project>
