<?xml version="1.0" encoding="UTF-8"?>
<project xmlns="http://www.netbeans.org/ns/project/1">
    <type>org.netbeans.modules.apisupport.project</type>
    <configuration>
        <data xmlns="http://www.netbeans.org/ns/nb-module-project/3">
            <code-name-base>org.gephi.lib.commonscompress</code-name-base>
            <suite-component/>
            <module-dependencies/>
            <public-packages>
                <package>org.apache.commons.compress.archivers</package>
                <package>org.apache.commons.compress.archivers.ar</package>
                <package>org.apache.commons.compress.archivers.cpio</package>
                <package>org.apache.commons.compress.archivers.jar</package>
                <package>org.apache.commons.compress.archivers.tar</package>
                <package>org.apache.commons.compress.archivers.zip</package>
                <package>org.apache.commons.compress.changes</package>
                <package>org.apache.commons.compress.compressors</package>
                <package>org.apache.commons.compress.compressors.bzip2</package>
                <package>org.apache.commons.compress.compressors.gzip</package>
                <package>org.apache.commons.compress.utils</package>
            </public-packages>
            <class-path-extension>
                <runtime-relative-path>ext/commons-compress-1.1.jar</runtime-relative-path>
                <binary-origin>release/modules/ext/commons-compress-1.1.jar</binary-origin>
            </class-path-extension>
        </data>
    </configuration>
</project>
